,0,1
0,-50.0,-0.020255762830930155
1,-49.874937468734366,-0.10708710440177938
2,-49.74987493746873,-0.006284829998934394
3,-49.6248124062031,-0.04493935019880144
4,-49.49974987493747,-0.05570794232649984
5,-49.37468734367184,0.059257513115892495
6,-49.2496248124062,-0.030894466252611986
7,-49.12456228114057,-0.015450683938580479
8,-48.999499749874936,0.005928700838754185
9,-48.8744372186093,0.019349077714244045
10,-48.749374687343675,-0.07777366375917788
11,-48.62431215607804,0.01441680756407279
12,-48.49924962481241,0.02606697135217729
13,-48.37418709354677,-0.04012316732416029
14,-48.24912456228114,-0.0258257968445125
15,-48.124062031015505,0.04981256726349912
16,-47.99899949974987,0.017603209789641302
17,-47.873936968484244,0.02547888903885312
18,-47.74887443721861,0.020772629148056304
19,-47.62381190595298,-0.022068093124365057
20,-47.49874937468734,0.030120736545869487
21,-47.37368684342171,0.0015048055003724621
22,-47.248624312156075,0.09387538169371566
23,-47.12356178089045,-0.08679589964328804
24,-46.998499249624814,-0.010129851772717479
25,-46.87343671835918,0.014585027138388947
26,-46.748374187093546,0.055270208716225434
27,-46.62331165582791,-0.024494110930923935
28,-46.49824912456228,-0.0764459844621515
29,-46.37318659329665,0.021132640906649944
30,-46.24812406203102,0.02533932096034619
31,-46.12306153076538,-0.07606713140649048
32,-45.99799899949975,0.013778945420675218
33,-45.872936468234116,-0.05571295576488368
34,-45.74787393696848,-0.031002068226460323
35,-45.62281140570285,0.015886832665688962
36,-45.49774887443722,0.022024013621735478
37,-45.37268634317159,0.05437650369301338
38,-45.24762381190595,-0.07199653944799303
39,-45.12256128064032,0.025432573335728428
40,-44.997498749374685,0.045019474839649166
41,-44.87243621810905,-0.03560463943109365
42,-44.74737368684342,-0.02824686041759827
43,-44.62231115557779,0.015576202571873282
44,-44.49724862431216,0.005396225470516981
45,-44.37218609304652,0.06890520014944582
46,-44.24712356178089,-0.015880761699083968
47,-44.122061030515255,-0.0005281350610492724
48,-43.99699849924963,0.03403059004951344
49,-43.871935967983994,0.10478774863936734
50,-43.74687343671836,0.005112698898675332
51,-43.621810905452726,-0.007950161630883244
52,-43.49674837418709,0.010444440053066195
53,-43.37168584292146,0.034284972248121194
54,-43.246623311655824,0.05197143558053185
55,-43.1215607803902,-0.003725788068333227
56,-42.99649824912456,-0.06063675682479476
57,-42.87143571785893,-0.01197651810232163
58,-42.746373186593296,-0.11102480688729247
59,-42.62131065532766,0.033243583094535525
60,-42.49624812406203,0.05340279832362441
61,-42.371185592796394,-0.12245267834290262
62,-42.24612306153077,-0.0013844469321035498
63,-42.12106053026513,-0.08317134495911775
64,-41.9959979989995,0.05457270360603827
65,-41.870935467733865,0.015232656503874892
66,-41.74587293646823,0.03747087673658373
67,-41.620810405202604,-0.026062565471383244
68,-41.49574787393696,0.02602341819271771
69,-41.37068534267134,-0.050462975353876276
70,-41.2456228114057,0.0003176205853628759
71,-41.12056028014007,-0.020197275317635696
72,-40.995497748874435,0.0029102397845541302
73,-40.8704352176088,0.023211985472947727
74,-40.745372686343174,-0.03222722490998719
75,-40.62031015507754,0.02304501374924093
76,-40.495247623811906,-0.06817410492410046
77,-40.37018509254627,-0.003698545972089101
78,-40.24512256128064,-0.04650509359604126
79,-40.120060030015004,-0.03477737671028674
80,-39.99499749874937,0.007799204068647263
81,-39.86993496748374,0.00874897072558401
82,-39.74487243621811,-0.005465125524838218
83,-39.619809904952476,-0.029895725084896654
84,-39.49474737368684,-0.000922739767111444
85,-39.36968484242121,-0.028909684936973906
86,-39.24462231115558,0.05824126599791207
87,-39.11955977988994,-0.07980197987590153
88,-38.99449724862431,-0.020221037258641578
89,-38.86943471735868,-0.07865829170049587
90,-38.744372186093045,-0.007360801041289622
91,-38.61930965482741,-0.023105991617430956
92,-38.49424712356178,-0.005289501562444818
93,-38.36918459229615,0.013412449974761648
94,-38.24412206103052,0.004495617204542405
95,-38.11905952976488,0.05197654062492432
96,-37.99399699849925,0.05936658777666934
97,-37.868934467233615,0.00890745612633259
98,-37.74387193596798,-0.043085714099913686
99,-37.61880940470235,-0.12335505668068779
100,-37.49374687343672,-0.07708879763059807
101,-37.368684342171086,0.01010123621620946
102,-37.24362181090545,0.004085511340025859
103,-37.11855927963982,0.058709443252774086
104,-36.993496748374184,-0.020080481179415192
105,-36.86843421710856,-0.013935662879101722
106,-36.74337168584292,-0.04000417029726211
107,-36.61830915457729,-0.020817639982240718
108,-36.493246623311656,0.03802256777390362
109,-36.36818409204602,0.003861773982359268
110,-36.24312156078039,-0.06289238937090595
111,-36.118059029514754,0.015465104423003657
112,-35.99299649824913,-0.007107663763484789
113,-35.86793396698349,-0.07910217921043498
114,-35.74287143571786,-0.015124098850481256
115,-35.617808904452225,0.02239188860513999
116,-35.49274637318659,0.033372252608231054
117,-35.36768384192096,-0.08784228160355326
118,-35.24262131065532,-0.10672201455696367
119,-35.1175587793897,-0.018120064544367914
120,-34.99249624812406,0.053530559658905734
121,-34.86743371685843,-0.08113079363365357
122,-34.742371185592795,0.025648581039321383
123,-34.61730865432716,0.009111385242022069
124,-34.492246123061534,0.05304893638930729
125,-34.36718359179589,-0.06184196919116575
126,-34.242121060530266,-0.08019845164588796
127,-34.11705852926463,0.008972145945297804
128,-33.991995997999,0.037551555268414055
129,-33.866933466733364,0.024072430223237157
130,-33.74187093546773,0.01155947647101989
131,-33.616808404202104,-0.04388577433653203
132,-33.49174587293646,0.030195140535205237
133,-33.366683341670836,-0.03591885543073608
134,-33.2416208104052,0.018373966074575167
135,-33.11655827913957,0.027608752650037312
136,-32.991495747873934,-0.07894932941053341
137,-32.8664332166083,0.08885935133107556
138,-32.74137068534267,0.04092432062673021
139,-32.61630815407703,0.07253180552537675
140,-32.491245622811405,0.041834294210457236
141,-32.36618309154577,0.024375240477830136
142,-32.24112056028014,-0.023957287608951147
143,-32.11605802901451,-0.08081027815268998
144,-31.990995497748873,-0.031363867324570686
145,-31.86593296648324,-0.03900042048495514
146,-31.74087043521761,-0.03974117469402992
147,-31.615807903951975,0.029566963107835437
148,-31.49074537268634,0.0058562740331539595
149,-31.36568284142071,-0.0036024321008384635
150,-31.240620310155077,-0.03249323182697905
151,-31.115557778889443,-0.015362641164661251
152,-30.990495247623812,-0.06714664241568388
153,-30.86543271635818,0.0011926389272489614
154,-30.740370185092544,0.005324297400417913
155,-30.61530765382691,-0.07940189015798858
156,-30.49024512256128,-0.022732406453565192
157,-30.365182591295646,0.06182351381478379
158,-30.240120060030012,-0.05953926863463452
159,-30.115057528764382,-0.029168398046540478
160,-29.989994997498748,0.0023686295412200962
161,-29.864932466233114,0.05524741569758787
162,-29.739869934967484,0.07131224259485029
163,-29.61480740370185,-0.01677250864243148
164,-29.489744872436216,-0.033450243426871355
165,-29.364682341170585,0.029474818591353813
166,-29.23961980990495,0.03921993499335592
167,-29.114557278639317,0.01831687992382391
168,-28.989494747373683,-0.002050531518030758
169,-28.864432216108053,0.03670231646018803
170,-28.73936968484242,0.09772853683326022
171,-28.614307153576785,0.02451877770530141
172,-28.489244622311155,0.09612222646262522
173,-28.36418209104552,0.0462588512900943
174,-28.239119559779887,-0.018558468000152067
175,-28.114057028514257,-0.0446918119573779
176,-27.988994497248623,-0.027293051623666437
177,-27.86393196598299,0.007845671304618542
178,-27.73886943471736,0.03977755340932001
179,-27.613806903451724,-0.08125804094046558
180,-27.48874437218609,0.05808610016749752
181,-27.36368184092046,0.016440223271356785
182,-27.238619309654826,0.02129228454838245
183,-27.113556778389192,-0.005993666204685414
184,-26.988494247123562,0.060527825402950375
185,-26.863431715857928,-0.030612145298966328
186,-26.738369184592294,-0.009863557889307999
187,-26.61330665332666,0.018318821485089225
188,-26.48824412206103,0.02138211374079953
189,-26.363181590795396,0.0006342880393721943
190,-26.23811905952976,0.006499259499053555
191,-26.11305652826413,-0.08841978738480415
192,-25.987993996998497,0.004485014080435604
193,-25.862931465732864,-0.013021759864992356
194,-25.737868934467233,-0.055242404477481154
195,-25.6128064032016,0.06026099862315668
196,-25.487743871935965,0.0612116444131112
197,-25.362681340670335,-0.03172757791798131
198,-25.2376188094047,-0.018755593253835853
199,-25.112556278139067,0.05788864525739261
200,-24.987493746873433,-0.08558707982203705
201,-24.862431215607803,0.03176316633381635
202,-24.73736868434217,-0.01845921250651864
203,-24.612306153076535,-0.06960727059526735
204,-24.487243621810904,0.052819116449139676
205,-24.36218109054527,0.04704048049240848
206,-24.237118559279637,-0.05617801991422815
207,-24.112056028014006,-0.14239727923181378
208,-23.986993496748372,-0.022730130823974175
209,-23.86193096548274,-0.0288882589336561
210,-23.736868434217108,-0.0866673019915293
211,-23.611805902951474,-0.025424768428873395
212,-23.48674337168584,0.00745135661580962
213,-23.36168084042021,0.025347417081490884
214,-23.236618309154576,-0.013514017862023562
215,-23.11155577788894,0.006016155450324034
216,-22.98649324662331,-0.041763692536495894
217,-22.861430715357677,-0.00855634251944815
218,-22.736368184092044,-0.00041222073711037174
219,-22.61130565282641,-0.0004208835187246884
220,-22.48624312156078,-0.030821870341062832
221,-22.361180590295145,-0.02940279208691376
222,-22.23611805902951,0.15452676809160656
223,-22.11105552776388,0.07089821003390455
224,-21.985992996498247,0.008785433668408789
225,-21.860930465232613,-0.04123860112479779
226,-21.735867933966983,0.0822895380790014
227,-21.61080540270135,0.12193786916745511
228,-21.485742871435715,0.057347487856896
229,-21.360680340170084,-0.05364394720960283
230,-21.23561780890445,0.012617552837509727
231,-21.110555277638817,0.029796276047018833
232,-20.985492746373183,0.019569414207267554
233,-20.860430215107552,0.016553996787657465
234,-20.73536768384192,0.0330952948294815
235,-20.610305152576284,0.011081578119849509
236,-20.485242621310654,0.03585554963375888
237,-20.36018009004502,0.08739783890360457
238,-20.235117558779386,0.02438576197757605
239,-20.110055027513756,0.0377961037544741
240,-19.984992496248122,-0.00046703035334592945
241,-19.859929964982488,0.011143691195747856
242,-19.734867433716857,-0.07194567330868472
243,-19.609804902451224,-0.016854377152841694
244,-19.48474237118559,-0.04854977016431436
245,-19.35967983991996,0.08950542541594744
246,-19.234617308654325,0.017491602854837324
247,-19.10955477738869,-0.012722927740574267
248,-18.98449224612306,-0.031012054586290454
249,-18.859429714857427,0.053259762787372635
250,-18.734367183591793,-0.06974393554168969
251,-18.60930465232616,-0.06148703736054141
252,-18.48424212106053,0.04394821811228639
253,-18.359179589794895,-0.02841735012460423
254,-18.23411705852926,-0.03289914359588371
255,-18.10905452726363,-0.029026685237398285
256,-17.983991995997997,0.07464064977717293
257,-17.858929464732363,0.008579714916621057
258,-17.73386693346673,0.02362609051837873
259,-17.608804402201095,0.044802106699982525
260,-17.483741870935468,-0.07247617088477158
261,-17.358679339669834,-0.010618739990550793
262,-17.2336168084042,-0.017407009976126136
263,-17.108554277138566,-0.07739526974972456
264,-16.983491745872932,-0.010270857600748001
265,-16.8584292146073,0.05038389289555133
266,-16.73336668334167,0.0321143423717535
267,-16.608304152076037,0.03713257507191199
268,-16.483241620810404,0.07101191691208823
269,-16.35817908954477,-0.00980669896697609
270,-16.233116558279136,0.048771889575705385
271,-16.1080540270135,-0.05961084246006496
272,-15.982991495747868,0.011563938785497097
273,-15.857928964482241,-0.015913324814468555
274,-15.732866433216607,0.03979123309622072
275,-15.607803901950973,-0.05079526333449705
276,-15.48274137068534,0.05338437991933459
277,-15.357678839419705,0.0664931112596162
278,-15.232616308154071,0.00916379820770233
279,-15.107553776888444,0.009361145820443673
280,-14.98249124562281,0.0933463451382002
281,-14.857428714357177,0.11684731780525584
282,-14.732366183091543,0.016444455270142513
283,-14.607303651825909,0.06448359372252954
284,-14.482241120560275,-0.04603959960105616
285,-14.357178589294648,-0.0034585955482535377
286,-14.232116058029014,-0.028681802176995168
287,-14.10705352676338,-0.0791849589062431
288,-13.981990995497746,-0.059650680595125995
289,-13.856928464232112,0.07661087958268747
290,-13.731865932966478,-0.05037082891578959
291,-13.606803401700844,-0.013899770124265055
292,-13.481740870435218,-0.05527399142001559
293,-13.356678339169584,0.018626228321118033
294,-13.23161580790395,-0.028678355274605046
295,-13.106553276638316,-0.0517601501034616
296,-12.981490745372682,-0.057709399470097275
297,-12.856428214107048,0.004097368927878568
298,-12.731365682841421,0.0376059713833461
299,-12.606303151575787,0.03498048993346306
300,-12.481240620310153,0.050973363856046255
301,-12.35617808904452,-0.0375089852146021
302,-12.231115557778885,-0.04503791604942819
303,-12.106053026513251,-0.011701729497682518
304,-11.980990495247624,-0.10661860428891398
305,-11.85592796398199,0.0932433771208028
306,-11.730865432716357,-0.03724243989726252
307,-11.605802901450723,-0.038644883033363366
308,-11.480740370185089,0.048648817974297015
309,-11.355677838919455,0.09762469653908051
310,-11.23061530765382,-0.09382740244704037
311,-11.105552776388194,-0.08432459108801146
312,-10.98049024512256,-0.019630433543037305
313,-10.855427713856926,0.06815760685702305
314,-10.730365182591292,0.025558565265465693
315,-10.605302651325658,0.029258137595208247
316,-10.480240120060024,0.010534915853393213
317,-10.355177588794398,-0.061910308633822415
318,-10.230115057528764,0.018873600857812294
319,-10.10505252626313,-0.006268321481774737
320,-9.979989994997496,-0.025922272355505867
321,-9.854927463731862,0.11834085833890103
322,-9.729864932466228,-0.07549579736712002
323,-9.604802401200594,0.011956820362745669
324,-9.479739869934967,0.047847609337558224
325,-9.354677338669333,-0.0007337751542209624
326,-9.2296148074037,0.011289834978054497
327,-9.104552276138065,-0.03032916558476823
328,-8.979489744872431,0.003976115346994646
329,-8.854427213606797,0.013118465578143371
330,-8.72936468234117,-0.0031284846854767643
331,-8.604302151075537,-0.0006747058308172332
332,-8.479239619809903,0.0004424840769783407
333,-8.354177088544269,0.07060454376548754
334,-8.229114557278635,0.01967701145356355
335,-8.104052026013001,-0.08981039022066736
336,-7.978989494747367,0.07420699040542475
337,-7.85392696348174,-0.013458036124100452
338,-7.728864432216106,0.02553082813244302
339,-7.603801900950472,0.11531069418068371
340,-7.478739369684838,-0.05063387490726352
341,-7.353676838419204,-0.03473266451892315
342,-7.2286143071535705,0.0417082629518635
343,-7.103551775887944,-0.04452277092087848
344,-6.97848924462231,-0.033120839515263185
345,-6.853426713356676,-0.058484611051128885
346,-6.728364182091042,-0.0714564715869075
347,-6.603301650825408,-0.051569597740096174
348,-6.478239119559774,-0.0768849714225562
349,-6.353176588294147,-0.06323174413144822
350,-6.228114057028513,0.052078227231159846
351,-6.103051525762879,0.006493958144006911
352,-5.977988994497245,0.030718923391165432
353,-5.852926463231611,-0.03960450410523895
354,-5.727863931965977,-0.022341366105134184
355,-5.6028014007003435,-0.010108421341893308
356,-5.477738869434717,0.04719752517238837
357,-5.352676338169083,0.0230903312380558
358,-5.227613806903449,-0.02810631075916483
359,-5.102551275637815,-0.05939309263161415
360,-4.977488744372181,0.07701743986733604
361,-4.852426213106547,0.0004674866073742795
362,-4.72736368184092,0.03452615554091636
363,-4.602301150575286,-0.046870241378796404
364,-4.477238619309652,0.06417807474434742
365,-4.352176088044018,0.015578913376718344
366,-4.227113556778384,0.010248622358016065
367,-4.1020510255127505,0.08909519634370479
368,-3.9769884942471236,0.023374612651674342
369,-3.8519259629814897,-0.0338981215812857
370,-3.7268634317158558,0.00938543517208229
371,-3.601800900450222,0.0929104718247622
372,-3.476738369184588,-0.04227651158296908
373,-3.351675837918954,-0.028105490845311443
374,-3.22661330665332,0.024943751706720314
375,-3.101550775387693,-0.01292693167463531
376,-2.9764882441220593,0.054308072090813835
377,-2.8514257128564253,0.047246569328164706
378,-2.7263631815907914,-0.043572347143746686
379,-2.6013006503251574,-0.08283104723430741
380,-2.4762381190595235,-0.05447302914068016
381,-2.3511755877938967,-0.07168802174397262
382,-2.2261130565282627,0.0033528828971120775
383,-2.101050525262629,0.019930005631535855
384,-1.9759879939969949,-0.01748650907393
385,-1.850925462731361,0.011722605485548232
386,-1.725862931465727,-0.04410647506059782
387,-1.600800400200093,-0.06727647592338738
388,-1.4757378689344662,-0.08253287165386361
389,-1.3506753376688323,0.002118118013580167
390,-1.2256128064031984,-0.05539217153448386
391,-1.1005502751375644,-0.01921692716321005
392,-0.9754877438719305,0.08638881098812953
393,-0.8504252126062966,-0.04403804282681417
394,-0.7253626813406697,0.07186024443372023
395,-0.6003001500750358,0.0003713821815710315
396,-0.47523761880940185,0.0865713101646733
397,-0.3501750875437679,0.1375366970686796
398,-0.22511255627813398,-0.022047156535843444
399,-0.10005002501250004,-0.003020272608704247
400,0.025012506253133893,-0.0344845634306316
401,0.15007503751876072,-0.0009905208072602094
402,0.27513756878439466,0.02526490020536039
403,0.4002001000500286,0.011822420492719319
404,0.5252626313156625,-0.041098574540290346
405,0.6503251625812965,0.023845360387328922
406,0.7753876938469304,-0.05480018863247569
407,0.9004502251125572,0.006342405209079706
408,1.0255127563781912,0.054173153994847775
409,1.150575287643825,-0.09286125436747063
410,1.275637818909459,-0.007324103085400146
411,1.400700350175093,-0.019147460981611523
412,1.525762881440727,-0.12277905849494977
413,1.6508254127063537,-0.0710858922179421
414,1.7758879439719877,-0.05534218725448064
415,1.9009504752376216,-0.060997300763113146
416,2.0260130065032556,-0.006670053340749482
417,2.1510755377688895,0.03817053168083516
418,2.2761380690345234,-0.013296012054922365
419,2.4012006003001574,0.02971183495340962
420,2.526263131565784,-0.02889241180925367
421,2.651325662831418,-0.008634686993315984
422,2.776388194097052,-0.005137559052731715
423,2.901450725362686,-0.009328362515516263
424,3.02651325662832,0.03654862583839905
425,3.151575787893954,0.04441094270806678
426,3.2766383191595807,-0.022824879753435112
427,3.4017008504252146,0.06420538048808645
428,3.5267633816908486,-0.0024263748808666203
429,3.6518259129564825,0.007609099590967874
430,3.7768884442221164,0.07778848201838054
431,3.9019509754877504,-0.033552786709774046
432,4.027013506753377,0.0013571242254232136
433,4.152076038019011,-0.0588343666693189
434,4.277138569284645,-0.05064705542088299
435,4.402201100550279,-0.033541551824685774
436,4.527263631815913,-0.057325462029889855
437,4.652326163081547,0.05957576347337147
438,4.777388694347181,-0.0658724292549881
439,4.902451225612808,0.003379497640926572
440,5.027513756878442,0.035189764275315304
441,5.1525762881440755,0.014468061461836481
442,5.2776388194097095,-0.03327302912909972
443,5.402701350675343,-0.08275617782593085
444,5.527763881940977,-0.10256341402420756
445,5.652826413206604,-0.00010219386680783969
446,5.777888944472238,-0.0074726903066598726
447,5.902951475737872,-0.08273237750382005
448,6.028014007003506,-0.03687961026997696
449,6.15307653826914,-0.030542051393594935
450,6.278139069534774,0.07795036145867314
451,6.403201600800408,-0.0024905704761167447
452,6.528264132066035,0.05480087048858577
453,6.6533266633316686,-0.03768978999808547
454,6.7783891945973025,-0.08170467966337734
455,6.903451725862936,0.0453965184616096
456,7.02851425712857,0.050282043133418955
457,7.153576788394204,0.048538510121749256
458,7.278639319659831,-0.10465511376316328
459,7.403701850925465,0.07050288538936225
460,7.528764382191099,-0.030799330418321617
461,7.653826913456733,0.03046520766249522
462,7.778889444722367,-0.005390983291740852
463,7.903951975988001,0.038389796856203945
464,8.029014507253635,0.01884938730244772
465,8.154077038519262,-0.09618373631316574
466,8.279139569784896,0.02824018366392462
467,8.40420210105053,0.01834339050155055
468,8.529264632316163,0.008006937458710527
469,8.654327163581797,0.07754646939880745
470,8.779389694847431,-0.04227269168627014
471,8.904452226113058,0.06570160680924286
472,9.029514757378692,0.07423843903004354
473,9.154577288644326,-0.03086699458227072
474,9.27963981990996,0.12103372534397684
475,9.404702351175594,-0.03135431274523591
476,9.529764882441228,0.0192011457084357
477,9.654827413706855,0.037308264064974006
478,9.779889944972489,-0.020438460305699974
479,9.904952476238122,-0.02882578891153057
480,10.030015007503756,-0.002392444131488477
481,10.15507753876939,0.021027557958990632
482,10.280140070035024,0.028948317794781783
483,10.405202601300658,0.03194518633397922
484,10.530265132566285,0.06152176903162172
485,10.655327663831919,-0.06815375989865922
486,10.780390195097553,-0.03670354835117581
487,10.905452726363187,0.048588178412072636
488,11.03051525762882,0.11405627818763045
489,11.155577788894455,0.05855155814338089
490,11.280640320160082,0.02604508169977253
491,11.405702851425715,-0.054774368761900394
492,11.53076538269135,0.05879519757019122
493,11.655827913956983,-0.06243986934545369
494,11.780890445222617,0.06221759565527183
495,11.905952976488251,0.004376697518231536
496,12.031015507753878,0.012383554900267596
497,12.156078039019512,0.02644914416136287
498,12.281140570285146,0.08903416311415283
499,12.40620310155078,-0.05475655534571403
500,12.531265632816414,0.10689599114207261
501,12.656328164082048,0.09661980571896424
502,12.781390695347682,-0.010492991452589511
503,12.906453226613309,0.05375923789926591
504,13.031515757878942,-0.002392232738311569
505,13.156578289144576,-0.00499950448016152
506,13.28164082041021,-0.08876234144585973
507,13.406703351675844,-0.02732767363393834
508,13.531765882941478,0.06789604496291243
509,13.656828414207105,-0.0015314129266800203
510,13.781890945472739,-0.0066335553475874685
511,13.906953476738373,0.08586012474781113
512,14.032016008004007,-0.006162269895814268
513,14.157078539269634,-0.016726502574424953
514,14.282141070535275,0.08963186018448314
515,14.407203601800902,0.07296961732017243
516,14.532266133066543,-0.025367091518650894
517,14.65732866433217,0.06310701232863478
518,14.78239119559781,0.03278954480550941
519,14.907453726863437,0.10503994937894925
520,15.032516258129064,0.07374704234934637
521,15.157578789394705,0.07944995504485149
522,15.282641320660332,0.020150526507531585
523,15.407703851925973,-0.03384883049325598
524,15.5327663831916,0.0598723874797311
525,15.657828914457227,0.09487629115577814
526,15.782891445722868,-0.0035793639624424403
527,15.907953976988495,0.052572610667032484
528,16.033016508254136,0.01417249623741422
529,16.158079039519762,0.018725886219070453
530,16.283141570785403,0.1005004967485226
531,16.40820410205103,0.022699889599024636
532,16.533266633316657,0.07009254099925459
533,16.658329164582298,0.11139950525394643
534,16.783391695847925,0.11041823625731959
535,16.908454227113566,0.09579529878076881
536,17.033516758379193,0.09940626778665562
537,17.158579289644834,0.12717713292939786
538,17.28364182091046,0.18859240136382222
539,17.408704352176088,0.016350707610572626
540,17.53376688344173,0.11223162544359812
541,17.658829414707355,0.20499981466954165
542,17.783891945972996,0.12733798998622267
543,17.908954477238623,0.10125330881383555
544,18.034017008504264,0.07983761676510241
545,18.15907953976989,0.17506253867118754
546,18.284142071035518,0.09626352468711122
547,18.40920460230116,0.23073489670478997
548,18.534267133566786,0.2299281478902352
549,18.659329664832427,0.16485533441925623
550,18.784392196098054,0.2098191036174593
551,18.90945472736368,0.18278112946339797
552,19.03451725862932,0.11840529640766581
553,19.15957978989495,0.14638264462356337
554,19.28464232116059,0.20071041532506353
555,19.409704852426216,0.2984635119856498
556,19.534767383691857,0.20249040510471003
557,19.659829914957484,0.22912207542343732
558,19.78489244622311,0.11592934192919561
559,19.909954977488752,0.22533815809021174
560,20.03501750875438,0.19075921476978094
561,20.16008004002002,0.24713074538808433
562,20.285142571285647,0.24759031201817228
563,20.410205102551288,0.24911551330108292
564,20.535267633816915,0.17296349614669598
565,20.66033016508254,0.20864413266857537
566,20.785392696348183,0.2941154479123326
567,20.91045522761381,0.30437283503164075
568,21.03551775887945,0.2758470108026458
569,21.160580290145077,0.29752711352427197
570,21.285642821410704,0.38342698176680334
571,21.410705352676345,0.37276413020512195
572,21.535767883941972,0.35209376937936865
573,21.660830415207613,0.3515601288442534
574,21.78589294647324,0.31447757042190155
575,21.91095547773888,0.40369542444969536
576,22.036018009004508,0.3982932056785919
577,22.161080540270135,0.3737536810216444
578,22.286143071535776,0.3024652857634478
579,22.411205602801402,0.4232268554959241
580,22.536268134067043,0.45019745506307446
581,22.66133066533267,0.38061707391566846
582,22.78639319659831,0.43417018473256536
583,22.911455727863938,0.46904970755304387
584,23.036518259129565,0.5436841446831926
585,23.161580790395206,0.4049167041251
586,23.286643321660833,0.4832661177557309
587,23.411705852926474,0.4578639549127148
588,23.5367683841921,0.5576239992203591
589,23.661830915457728,0.5029934237871994
590,23.78689344672337,0.5368890798371924
591,23.911955977988995,0.5535877928679765
592,24.037018509254636,0.6776378491781507
593,24.162081040520263,0.5726195030999597
594,24.287143571785904,0.5537794630112266
595,24.41220610305153,0.5545586381059029
596,24.537268634317158,0.6181961557308207
597,24.6623311655828,0.5355614447951065
598,24.787393696848426,0.6631925839580777
599,24.912456228114067,0.6502052121195465
600,25.037518759379694,0.5979467624104349
601,25.162581290645335,0.6392782640637809
602,25.28764382191096,0.5902332362741096
603,25.41270635317659,0.6924718642338078
604,25.53776888444223,0.7020933810236095
605,25.662831415707856,0.694190961377271
606,25.787893946973497,0.7540207745373874
607,25.912956478239124,0.7811815748404928
608,26.03801900950475,0.704888851304666
609,26.163081540770392,0.7336809696304332
610,26.28814407203602,0.7387022579522312
611,26.41320660330166,0.7344920979468291
612,26.538269134567287,0.7679412082164898
613,26.663331665832928,0.6892297816022445
614,26.788394197098555,0.763092228551473
615,26.91345672836418,0.842630214048788
616,27.038519259629822,0.7923369326128079
617,27.16358179089545,0.8393772478554703
618,27.28864432216109,0.9400116118266626
619,27.413706853426717,0.826363898567903
620,27.53876938469236,0.8146914307233735
621,27.663831915957985,0.9263518849486765
622,27.788894447223612,0.8572560826520615
623,27.913956978489253,0.8745090049778383
624,28.03901950975488,0.9059720040545652
625,28.16408204102052,0.9856587919423017
626,28.289144572286148,0.9404843337601905
627,28.41420710355179,0.863601409989611
628,28.539269634817416,0.9572856388974983
629,28.664332166083042,0.9010838601796582
630,28.789394697348683,0.9549148648628868
631,28.91445722861431,0.9364861711347542
632,29.03951975987995,0.9559824510296806
633,29.164582291145578,0.9971040302154476
634,29.289644822411205,0.9863000045182698
635,29.414707353676846,0.9359679836035355
636,29.539769884942473,1.0360795853988374
637,29.664832416208114,1.0073490528369051
638,29.78989494747374,0.9194327564971885
639,29.91495747873938,1.0489363122552275
640,30.04002001000501,1.0190139664646263
641,30.165082541270635,1.002947950297027
642,30.290145072536276,1.0138321450432966
643,30.415207603801903,0.9009759490539077
644,30.540270135067544,1.0434596853072395
645,30.66533266633317,0.9416020045242495
646,30.790395197598812,0.9825005815006269
647,30.91545772886444,0.9994819497276113
648,31.040520260130066,0.992740802703804
649,31.165582791395707,1.0274697673297122
650,31.290645322661334,1.055704074166101
651,31.415707853926975,0.8988696731775089
652,31.5407703851926,0.8735533866340721
653,31.66583291645823,0.9626355327087698
654,31.79089544772387,0.9254684972455559
655,31.915957978989496,0.9778582138506713
656,32.04102051025514,1.0061242231210734
657,32.166083041520764,0.9806439958242001
658,32.291145572786405,0.8924309090145754
659,32.41620810405203,0.9830839730002567
660,32.54127063531766,1.0141584292959194
661,32.6663331665833,0.9524532062613771
662,32.79139569784893,0.9506043833171897
663,32.91645822911457,0.9983988498677326
664,33.041520760380195,0.9605615635041425
665,33.166583291645836,0.9104885016206533
666,33.29164582291146,0.8903661331024902
667,33.41670835417709,0.9353354618518823
668,33.54177088544273,0.8575762957934022
669,33.66683341670836,0.8351128310591093
670,33.791895947974,0.9980426043789727
671,33.916958479239625,0.9542624446146396
672,34.042021010505266,0.8603655480503936
673,34.16708354177089,0.8829773881071196
674,34.29214607303652,0.8903620571884012
675,34.41720860430216,0.8853860875612692
676,34.54227113556779,0.8808542333886762
677,34.66733366683343,0.808994436678951
678,34.792396198099055,0.8113603157152125
679,34.91745872936468,0.8693548881670043
680,35.04252126063032,0.7343217392289692
681,35.16758379189595,0.831491302807454
682,35.29264632316159,0.7572252107455784
683,35.41770885442722,0.7652722705814746
684,35.54277138569286,0.8316235264180706
685,35.667833916958486,0.7340286424668446
686,35.79289644822411,0.7022540565293478
687,35.917958979489754,0.7349858118175461
688,36.04302151075538,0.7674490089954823
689,36.16808404202102,0.7704843312648639
690,36.29314657328665,0.7733519121696972
691,36.41820910455229,0.6588322216974589
692,36.543271635817916,0.6329978442708329
693,36.66833416708354,0.7138896944314895
694,36.793396698349184,0.6131139564398601
695,36.91845922961481,0.610322661236975
696,37.04352176088045,0.6214354821025405
697,37.16858429214608,0.5549911619528827
698,37.293646823411706,0.605262014483752
699,37.41870935467735,0.5354183930259099
700,37.543771885942974,0.5637740336163375
701,37.668834417208615,0.6183696712649001
702,37.79389694847424,0.5863681855615893
703,37.91895947973988,0.4799269451300133
704,38.04402201100551,0.580008885138441
705,38.169084542271136,0.5209289361682244
706,38.29414707353678,0.5751186954156575
707,38.419209604802404,0.5114849843673508
708,38.544272136068045,0.5393165888224751
709,38.66933466733367,0.43986255856600787
710,38.79439719859931,0.41141755745946984
711,38.91945972986494,0.35889369882306477
712,39.04452226113057,0.42003917290528536
713,39.16958479239621,0.44259540993585683
714,39.294647323661835,0.4446295668770697
715,39.419709854927476,0.46456794995973744
716,39.5447723861931,0.4439351598706822
717,39.66983491745873,0.4923413340474585
718,39.79489744872437,0.481124484216271
719,39.91995997999,0.39579698563655163
720,40.04502251125564,0.3702659009116506
721,40.170085042521265,0.4061443315934235
722,40.295147573786906,0.30879856723931587
723,40.42021010505253,0.3723217825197573
724,40.54527263631816,0.360661419730988
725,40.6703351675838,0.3847882353817089
726,40.79539769884943,0.2849346663598492
727,40.92046023011507,0.34907965555010556
728,41.045522761380695,0.1848531991697781
729,41.17058529264634,0.22721424408729707
730,41.29564782391196,0.2903832951842843
731,41.42071035517759,0.19003759300136672
732,41.54577288644323,0.20856722937566313
733,41.67083541770886,0.2548709278681293
734,41.7958979489745,0.23185289564962835
735,41.920960480240126,0.24714133047461537
736,42.04602301150575,0.257002885158923
737,42.171085542771394,0.2640153729323229
738,42.29614807403702,0.1656474577224002
739,42.42121060530266,0.19224835435683382
740,42.54627313656829,0.2522854310225238
741,42.67133566783393,0.13608303552298706
742,42.796398199099556,0.31146100108583585
743,42.92146073036518,0.12680840114279784
744,43.046523261630824,0.15469388021943212
745,43.17158579289645,0.09852645633496546
746,43.29664832416209,0.14515142819965854
747,43.42171085542772,0.08556628588184069
748,43.54677338669336,0.13541883213354183
749,43.67183591795899,0.15835341248878756
750,43.796898449224614,0.157583919384927
751,43.921960980490255,0.13385131706194858
752,44.04702351175588,0.1254256275451513
753,44.17208604302152,0.2058057134729837
754,44.29714857428715,0.0025920199195343385
755,44.42221110555279,0.13219174026221145
756,44.54727363681842,0.12262433352707462
757,44.672336168084044,0.10372325942326922
758,44.797398699349685,0.09789419465775696
759,44.92246123061531,0.08328675056686341
760,45.04752376188095,0.1284873884063792
761,45.17258629314658,0.18374119392442329
762,45.29764882441221,0.1292509711770002
763,45.42271135567785,0.04292098380415766
764,45.547773886943475,0.1575212035741384
765,45.672836418209116,0.13275487784606568
766,45.79789894947474,-0.03323291752894961
767,45.92296148074038,0.0770287917319173
768,46.04802401200601,0.04857962242756946
769,46.17308654327164,0.05101476676240858
770,46.29814907453728,0.12600282132314714
771,46.423211605802905,0.0362865082283704
772,46.548274137068546,0.0012577101815971423
773,46.67333666833417,0.05825931033941094
774,46.798399199599814,0.021814567898369806
775,46.92346173086544,0.023588287474473377
776,47.04852426213107,-0.00876268248683544
777,47.17358679339671,0.01546842373548048
778,47.298649324662335,0.02653302684665159
779,47.423711855927976,0.10687476484680003
780,47.5487743871936,0.08519356415255452
781,47.67383691845923,-0.026811967876625535
782,47.79889944972487,-0.026732336877994874
783,47.9239619809905,-0.02597900950454922
784,48.04902451225614,0.04607905772467691
785,48.174087043521766,0.014053135189300809
786,48.29914957478741,0.08279037161667371
787,48.424212106053034,-0.011057356211328043
788,48.54927463731866,0.0025278819325041946
789,48.6743371685843,0.01883258457002964
790,48.79939969984993,0.024442620919437004
791,48.92446223111557,0.03017425488524724
792,49.049524762381196,0.053679009165600006
793,49.17458729364684,-0.01637575666658554
794,49.299649824912464,0.008618224506306213
795,49.42471235617809,0.04660387932305642
796,49.54977488744373,-0.007989667840793132
797,49.67483741870936,0.014770631883351213
798,49.799899949975,-0.007572434807804456
799,49.92496248124063,0.12528146522247183
800,50.05002501250627,-0.003300730991853587
801,50.175087543771895,0.041439513247752205
802,50.30015007503752,0.05196448352199267
803,50.42521260630316,0.018598027174267513
804,50.55027513756879,0.05459795526737985
805,50.67533766883443,0.011367663576249215
806,50.80040020010006,0.04592528218491022
807,50.925462731365684,0.015343941375740012
808,51.050525262631325,-0.03669473158127852
809,51.17558779389695,-0.02097029411296075
810,51.30065032516259,-0.0068069178146880705
811,51.42571285642822,0.0654320256449216
812,51.55077538769386,0.043507217800312865
813,51.67583791895949,0.009939635034826776
814,51.800900450225114,0.008175934400934379
815,51.925962981490756,0.052812935237990126
816,52.05102551275638,0.026115083816280894
817,52.17608804402202,-0.025641629500800844
818,52.30115057528765,-0.015724621436927794
819,52.42621310655329,-0.02994577268480848
820,52.55127563781892,0.030712851814337527
821,52.676338169084545,-0.02898765374786951
822,52.801400700350186,0.023765245533863413
823,52.92646323161581,-0.06217041314826412
824,53.051525762881454,0.022237187672507982
825,53.17658829414708,0.06329252511114218
826,53.30165082541271,0.08426353056692039
827,53.42671335667835,-0.0038727476036047787
828,53.551775887943975,0.11246764606426636
829,53.676838419209616,-0.00898781742098042
830,53.80190095047524,0.0387033607704145
831,53.926963481740884,-0.050237541610789374
832,54.05202601300651,-0.026654029135104642
833,54.17708854427214,-0.032948545925432816
834,54.30215107553778,0.030340082173398616
835,54.427213606803406,-0.03418393844935549
836,54.55227613806905,-5.4772198420796744e-05
837,54.677338669334674,0.014262343052222373
838,54.802401200600315,0.06621985660776035
839,54.92746373186594,-0.030531067020313024
840,55.05252626313157,0.08540592294162788
841,55.17758879439721,0.022401920716584253
842,55.302651325662836,0.08136147036220459
843,55.42771385692848,0.00832713284066773
844,55.552776388194104,0.12021020847277214
845,55.67783891945973,-0.010446376243996506
846,55.80290145072537,0.0292691694651108
847,55.927963981991,0.04412556868507263
848,56.05302651325664,-0.036858571922601426
849,56.17808904452227,-0.0019964457466750277
850,56.30315157578791,-0.07003291765160181
851,56.428214107053535,-0.019163797523656524
852,56.55327663831916,-0.029182905301057094
853,56.6783391695848,-0.004086599139215188
854,56.80340170085043,-0.03621219814929721
855,56.92846423211607,0.05576228212193699
856,57.0535267633817,0.019646139430993654
857,57.17858929464734,0.0028685091061561446
858,57.303651825912965,0.006834869929568864
859,57.42871435717859,0.002326957446837458
860,57.55377688844423,-0.011722863035824801
861,57.67883941970986,0.09303933591727735
862,57.8039019509755,0.0398543725463898
863,57.92896448224113,0.008932579626217244
864,58.054027013506754,-0.033403844847989105
865,58.179089544772395,-0.06819318788855215
866,58.30415207603802,0.04653302005175223
867,58.42921460730366,-0.015361949179583095
868,58.55427713856929,0.02020420470388895
869,58.67933966983493,-0.013780235032743289
870,58.80440220110056,0.0004307303440691209
871,58.929464732366185,-0.03459111292321769
872,59.054527263631826,0.04228674636217173
873,59.17958979489745,-0.00669846046676347
874,59.304652326163094,0.08828567778712244
875,59.42971485742872,-0.06931086007384647
876,59.55477738869436,-0.01820905870435956
877,59.67983991995999,-0.1307042386402476
878,59.804902451225615,0.07446344166881062
879,59.929964982491256,0.013596712673440162
880,60.05502751375688,0.1038924316137019
881,60.180090045022524,0.029407674465206438
882,60.30515257628815,0.02696322418313018
883,60.43021510755379,0.021735588896277608
884,60.55527763881942,-0.02324046039591688
885,60.680340170085046,-0.04638127136588403
886,60.80540270135069,-0.02036437119189676
887,60.930465232616314,0.053837485741355294
888,61.055527763881955,-0.011766238212656268
889,61.18059029514758,-0.021942382008260382
890,61.30565282641321,0.011131917304627792
891,61.43071535767885,0.005882353145830192
892,61.555777888944476,0.002995270679247856
893,61.68084042021012,-0.008393692089559566
894,61.805902951475744,-0.04310903783575347
895,61.930965482741385,0.07590931209236028
896,62.05602801400701,0.03679877242539937
897,62.18109054527264,0.016441468161783105
898,62.30615307653828,0.009004271322847866
899,62.43121560780391,-0.04510130857914394
900,62.55627813906955,-0.018509719843532446
901,62.681340670335175,-0.02019692348491891
902,62.806403201600816,-0.06184663447506188
903,62.93146573286644,-0.02385039611306837
904,63.05652826413207,-0.03543340401826492
905,63.18159079539771,-0.03295797674085501
906,63.30665332666334,0.14468070070067762
907,63.43171585792898,0.04362314345857219
908,63.556778389194605,0.04827507436966247
909,63.68184092046023,-0.07661908438407128
910,63.80690345172587,0.07127245247031615
911,63.9319659829915,0.010611724597786129
912,64.05702851425714,-0.03926109397180451
913,64.18209104552277,-0.03245555168802681
914,64.30715357678841,0.0527124102753839
915,64.43221610805404,0.022009922216597512
916,64.55727863931966,-0.009422741818874371
917,64.6823411705853,-0.025308571521004453
918,64.80740370185093,-0.0470118183005478
919,64.93246623311657,0.03704956252204706
920,65.0575287643822,-0.06733517508463478
921,65.18259129564784,-0.06088388005698398
922,65.30765382691347,-0.05225952103206787
923,65.43271635817909,-0.021669044916227127
924,65.55777888944473,-0.07996614325038467
925,65.68284142071036,-0.04146781655494352
926,65.807903951976,-0.010633440429277212
927,65.93296648324163,-0.09073338574596633
928,66.05802901450727,0.0005692240997151599
929,66.1830915457729,0.0005984943931354449
930,66.30815407703852,0.002867284808270534
931,66.43321660830416,0.023226497920520388
932,66.55827913956979,-0.06170605875641561
933,66.68334167083543,0.03585420649086666
934,66.80840420210106,-0.007693091912608604
935,66.93346673336669,0.10796146634328431
936,67.05852926463233,-0.05244421444671052
937,67.18359179589795,0.10017057421809222
938,67.3086543271636,-0.026642216768266676
939,67.43371685842922,-0.030722420498277357
940,67.55877938969486,-0.052886012292948835
941,67.68384192096049,-0.04195104938824874
942,67.80890445222612,-0.08272661313138094
943,67.93396698349176,-0.07627821706183907
944,68.05902951475738,0.007445974352966896
945,68.18409204602303,0.08828201418615331
946,68.30915457728865,-0.04408207327363988
947,68.4342171085543,-0.017671312847941406
948,68.55927963981992,0.0803750502447237
949,68.68434217108555,0.06712367138120903
950,68.80940470235119,0.042428009702564246
951,68.93446723361681,0.023546723330512574
952,69.05952976488246,-0.08598044802597903
953,69.18459229614808,0.021511401456512383
954,69.30965482741371,0.0863084977991016
955,69.43471735867935,-0.0484248883004748
956,69.55977988994498,-0.049278986592389586
957,69.68484242121062,-0.0008116960419292928
958,69.80990495247624,0.07114856572010976
959,69.93496748374189,-0.029638293854935525
960,70.06003001500751,-0.004406440163472763
961,70.18509254627314,-0.05772440231144674
962,70.31015507753878,0.02056021640999196
963,70.43521760880441,-0.05542031805339424
964,70.56028014007005,-0.003964813632290724
965,70.68534267133568,0.01454061363552655
966,70.81040520260132,0.027659006775673713
967,70.93546773386694,-0.03786567700253893
968,71.06053026513257,0.09046607918439831
969,71.18559279639821,-0.006236804975326245
970,71.31065532766384,0.025486289251937973
971,71.43571785892948,0.01586729013098663
972,71.5607803901951,-0.009332036513735938
973,71.68584292146073,0.05038094558200211
974,71.81090545272637,-0.04677203101186764
975,71.935967983992,-0.04592066667656017
976,72.06103051525764,0.07279889554038396
977,72.18609304652327,-0.040030562077147405
978,72.31115557778891,0.034460243885871274
979,72.43621810905454,-0.023507923350986837
980,72.56128064032016,-0.024668018396045096
981,72.6863431715858,-0.04768275503592512
982,72.81140570285143,0.007501588211766157
983,72.93646823411707,0.04771272396888771
984,73.0615307653827,0.0049400182920428005
985,73.18659329664834,0.08574014630607919
986,73.31165582791397,-0.011147929753558532
987,73.4367183591796,0.054272466117562604
988,73.56178089044523,-0.04243307978707908
989,73.68684342171086,-0.029594035944291483
990,73.8119059529765,-0.03656504615808039
991,73.93696848424213,0.01972905031021035
992,74.06203101550776,0.09950724011818907
993,74.1870935467734,-0.027969387769169997
994,74.31215607803902,-0.012712174407521001
995,74.43721860930467,-0.09178663267067698
996,74.56228114057029,-0.0019100376350308465
997,74.68734367183593,0.09603139368495667
998,74.81240620310156,-0.02572817858805396
999,74.93746873436719,-0.09808342429749253
1000,75.06253126563283,0.09042120480515677
1001,75.18759379689845,-0.005215294844690404
1002,75.3126563281641,-0.017037971028516053
1003,75.43771885942972,-0.044996361243926544
1004,75.56278139069536,0.06410950463049302
1005,75.68784392196099,-0.033358615458405835
1006,75.81290645322662,-0.02060597603305614
1007,75.93796898449226,0.03950664700504178
1008,76.06303151575788,-0.04115260249553002
1009,76.18809404702353,-0.004069919104743421
1010,76.31315657828915,0.021391829133099352
1011,76.4382191095548,-0.0890402984596713
1012,76.56328164082042,-0.009991553911440163
1013,76.68834417208605,-0.031861859565211544
1014,76.81340670335169,0.036768377167415926
1015,76.93846923461732,0.046450284928102076
1016,77.06353176588296,0.06251163790643939
1017,77.18859429714858,-0.024115286456266163
1018,77.31365682841421,0.031687496130959475
1019,77.43871935967985,-0.04608815331187462
1020,77.56378189094548,-0.02289367962132695
1021,77.68884442221112,0.02407067729708374
1022,77.81390695347675,0.02886089172611973
1023,77.93896948474239,-0.03227766073980238
1024,78.06403201600801,0.05637391080884495
1025,78.18909454727364,-0.04560355149307137
1026,78.31415707853927,0.012993954059163057
1027,78.43921960980492,0.0033605279359336785
1028,78.56428214107055,-0.11302760684122277
1029,78.68934467233618,-0.012854326309243169
1030,78.8144072036018,-0.006398831617507075
1031,78.93946973486743,0.033445140210610326
1032,79.06453226613309,0.047361941920347414
1033,79.18959479739871,0.07028278138818998
1034,79.31465732866434,-0.04284051124265172
1035,79.43971985992997,-0.043608081679248345
1036,79.56478239119562,0.003889042715176345
1037,79.68984492246125,-0.052209319538048214
1038,79.81490745372687,0.023168389908022783
1039,79.9399699849925,0.03050744099766698
1040,80.06503251625813,-0.01506033908161522
1041,80.19009504752378,0.06749143166047052
1042,80.31515757878941,-0.00875376404958156
1043,80.44022011005504,-0.019742993983035223
1044,80.56528264132066,0.010724113571130497
1045,80.69034517258629,0.04714905175604248
1046,80.81540770385195,-0.025694618822535226
1047,80.94047023511757,0.07091766658328412
1048,81.0655327663832,-0.0583520723987034
1049,81.19059529764883,-0.011541474697003638
1050,81.31565782891445,-0.005118922194240869
1051,81.44072036018011,0.04126135997897847
1052,81.56578289144574,0.0634243276534515
1053,81.69084542271136,0.03950716653451438
1054,81.81590795397699,-0.04937779925299733
1055,81.94097048524264,-0.055759728161399194
1056,82.06603301650827,0.02849986970865598
1057,82.1910955477739,0.0130396002802198
1058,82.31615807903952,-0.011924910757858592
1059,82.44122061030515,0.0579561240667553
1060,82.5662831415708,0.029056449748659473
1061,82.69134567283643,-0.09526130069485923
1062,82.81640820410206,0.062246738851827924
1063,82.94147073536769,0.009386525750628637
1064,83.06653326663331,0.053295306797425106
1065,83.19159579789897,-0.01769426767934069
1066,83.3166583291646,-0.09389203138377045
1067,83.44172086043022,-0.12942155670562486
1068,83.56678339169585,0.00477562327229824
1069,83.69184592296148,-0.011825602792593915
1070,83.81690845422713,0.02758095992312475
1071,83.94197098549276,0.039060100856234625
1072,84.06703351675839,0.024247936490863504
1073,84.19209604802401,0.02257988050907608
1074,84.31715857928967,0.051480480415724984
1075,84.4422211105553,0.0021363127908637478
1076,84.56728364182092,-0.01479681027094064
1077,84.69234617308655,-0.03607797269030198
1078,84.81740870435218,-0.08081569930707555
1079,84.94247123561783,0.02536867953845414
1080,85.06753376688346,-0.0794537347591769
1081,85.19259629814908,0.040432310397208036
1082,85.31765882941471,0.013883645549425193
1083,85.44272136068034,-0.0022199258166773323
1084,85.567783891946,-0.06368596508438723
1085,85.69284642321162,0.03403263712397218
1086,85.81790895447725,0.01696932683186942
1087,85.94297148574287,-0.04359416633149057
1088,86.06803401700853,0.06422419036756223
1089,86.19309654827416,0.05914913746848002
1090,86.31815907953978,-0.020125769298606447
1091,86.44322161080541,-0.03388773014218799
1092,86.56828414207104,-0.05824800725669927
1093,86.69334667333669,0.14388440374839295
1094,86.81840920460232,-0.08148339951759871
1095,86.94347173586794,-0.05255713543487365
1096,87.06853426713357,0.009895815712773984
1097,87.1935967983992,0.04267609205721913
1098,87.31865932966485,-0.05728542177569178
1099,87.44372186093048,0.08968768545384913
1100,87.56878439219611,0.02700193516084188
1101,87.69384692346173,-0.006143992450438264
1102,87.81890945472736,0.02406350089557096
1103,87.94397198599302,-0.06676339005326636
1104,88.06903451725864,0.06586157545686809
1105,88.19409704852427,0.033365509733827715
1106,88.3191595797899,0.012853954012052813
1107,88.44422211105555,-0.06894750246447316
1108,88.56928464232118,0.02045907418644274
1109,88.6943471735868,-0.0472490451391196
1110,88.81940970485243,-0.03353630122345606
1111,88.94447223611806,0.0185777952514737
1112,89.06953476738371,-0.041188146450431846
1113,89.19459729864934,-0.007687771336254352
1114,89.31965982991497,0.012849500935539312
1115,89.4447223611806,0.09881685387690105
1116,89.56978489244622,0.063358012002913
1117,89.69484742371188,-0.029604232450905783
1118,89.8199099549775,-0.023029778507430737
1119,89.94497248624313,0.04779272381710725
1120,90.07003501750876,-0.015093529164963614
1121,90.19509754877438,-0.04230489686786681
1122,90.32016008004004,-0.038262069238128894
1123,90.44522261130567,-0.09953707135781667
1124,90.5702851425713,-0.03473976791148051
1125,90.69534767383692,-0.043421539072003884
1126,90.82041020510258,0.018758470431593344
1127,90.9454727363682,-0.055873817790605323
1128,91.07053526763383,0.08277493803583344
1129,91.19559779889946,0.057692781644660907
1130,91.32066033016508,-0.003140796784823063
1131,91.44572286143074,-0.05311146111508106
1132,91.57078539269637,-0.03415108759672896
1133,91.69584792396199,-0.12769801733795058
1134,91.82091045522762,-0.02565236686154139
1135,91.94597298649325,-0.05954284103519766
1136,92.0710355177589,-0.04103204114643911
1137,92.19609804902453,0.016500433899972064
1138,92.32116058029015,-0.023504740776326555
1139,92.44622311155578,-0.10392201009796326
1140,92.57128564282141,-0.07446259840184101
1141,92.69634817408706,-0.009418401351010167
1142,92.82141070535269,0.062071221823933945
1143,92.94647323661832,-0.033723858792213714
1144,93.07153576788394,-0.016048681689432995
1145,93.1965982991496,-0.01081603897550531
1146,93.32166083041523,-0.12628626769403742
1147,93.44672336168085,0.02853968265305734
1148,93.57178589294648,-0.048951205295787226
1149,93.6968484242121,0.025426296581968107
1150,93.82191095547776,-0.05970488134296741
1151,93.94697348674339,-0.053292040390529476
1152,94.07203601800902,0.004220993550003992
1153,94.19709854927464,-0.023965092101344
1154,94.32216108054027,-0.026747721076304506
1155,94.44722361180592,-0.010991521920855746
1156,94.57228614307155,-0.040350517651197265
1157,94.69734867433718,-0.007991791228273508
1158,94.8224112056028,-0.005107562965968985
1159,94.94747373686843,0.07868082247525005
1160,95.07253626813409,-0.03440474270618317
1161,95.19759879939971,0.0419482627057656
1162,95.32266133066534,-0.037563983386827385
1163,95.44772386193097,0.09436540112814694
1164,95.57278639319662,0.01359541623800373
1165,95.69784892446225,0.020507004586939097
1166,95.82291145572788,-0.026882415405561882
1167,95.9479739869935,0.14228819368726997
1168,96.07303651825913,-0.021443359522478427
1169,96.19809904952479,-0.04406762226932727
1170,96.32316158079041,-0.052368746497903663
1171,96.44822411205604,0.014428095678654232
1172,96.57328664332167,-0.07080798274255956
1173,96.69834917458729,-0.12171608072337788
1174,96.82341170585295,0.02419448377446201
1175,96.94847423711857,-0.001001866537084098
1176,97.0735367683842,-0.08821120226449825
1177,97.19859929964983,-0.076056817478032
1178,97.32366183091546,0.04082447041906693
1179,97.44872436218111,0.0194443685996698
1180,97.57378689344674,0.009151314759799774
1181,97.69884942471236,-0.13424743862612712
1182,97.82391195597799,-0.06360511518758286
1183,97.94897448724365,-0.08582887126350314
1184,98.07403701850927,0.031215301804580677
1185,98.1990995497749,0.047516810629143064
1186,98.32416208104053,-0.047670051676425323
1187,98.44922461230615,0.009970895655083696
1188,98.57428714357181,0.022389432613028254
1189,98.69934967483744,-0.11005809793014641
1190,98.82441220610306,0.017606736206307937
1191,98.94947473736869,0.03967976955972215
1192,99.07453726863432,0.08610883124815968
1193,99.19959979989997,-0.002792401404089328
1194,99.3246623311656,0.006883264069549188
1195,99.44972486243122,0.06710561603256283
1196,99.57478739369685,0.03306705544621658
1197,99.69984992496248,-0.04731983983659195
1198,99.82491245622813,0.05114300982147804
1199,99.94997498749376,0.1068940980519751
1200,100.07503751875939,0.027292397944739644
1201,100.20010005002501,0.011079098147701067
1202,100.32516258129067,-0.0621123783813671
1203,100.4502251125563,-0.0321614168404225
1204,100.57528764382192,-0.01825515449458892
1205,100.70035017508755,-0.01307588445740289
1206,100.82541270635318,0.0476227250734344
1207,100.95047523761883,0.010229785940448294
1208,101.07553776888446,0.02672572038799628
1209,101.20060030015009,-0.007747451474737609
1210,101.32566283141571,0.0036608429455409694
1211,101.45072536268134,0.009007163952681307
1212,101.575787893947,-0.020686409547566488
1213,101.70085042521262,-0.008822519277994052
1214,101.82591295647825,0.01240801815029749
1215,101.95097548774388,-0.018049484770527216
1216,102.0760380190095,-0.027013505789587885
1217,102.20110055027516,-0.04586793199690363
1218,102.32616308154078,0.05542179144420989
1219,102.45122561280641,0.003307248738277699
1220,102.57628814407204,-0.06272376237103891
1221,102.7013506753377,0.017025141376597195
1222,102.82641320660332,0.006244353539133826
1223,102.95147573786895,0.025340898505214524
1224,103.07653826913457,0.07709952339002013
1225,103.2016008004002,0.02050864289783604
1226,103.32666333166586,0.006439569479525113
1227,103.45172586293148,-0.044496712404848204
1228,103.57678839419711,0.032098671360577445
1229,103.70185092546274,0.11013306827005337
1230,103.82691345672836,0.003633649718255477
1231,103.95197598799402,0.007104776856633759
1232,104.07703851925964,-0.020432905366094906
1233,104.20210105052527,0.03549053462746747
1234,104.3271635817909,-0.032306071798080774
1235,104.45222611305655,0.03131072969481812
1236,104.57728864432218,0.04986330301804835
1237,104.70235117558781,-0.03036130699369768
1238,104.82741370685343,-0.03339855349683748
1239,104.95247623811906,0.0434336186338235
1240,105.07753876938472,-0.11308828467774497
1241,105.20260130065034,0.003400394097755169
1242,105.32766383191597,0.09115952065930875
1243,105.4527263631816,0.013577859168148668
1244,105.57778889444722,-0.03243602479943517
1245,105.70285142571288,0.04635917175914162
1246,105.8279139569785,-0.005251502727762708
1247,105.95297648824413,0.10811771763524564
1248,106.07803901950976,-0.04477129104748792
1249,106.20310155077539,-0.026124790180063525
1250,106.32816408204104,0.030597130759137822
1251,106.45322661330667,0.016750373686166345
1252,106.5782891445723,-0.035417974636962134
1253,106.70335167583792,-0.01564337440516244
1254,106.82841420710358,0.0010225483863345298
1255,106.9534767383692,-0.0009631487082275045
1256,107.07853926963483,0.0185261073847038
1257,107.20360180090046,0.017723571694474513
1258,107.32866433216608,0.021904399295975655
1259,107.45372686343174,-0.038705702885166726
1260,107.57878939469737,0.1503579943025139
1261,107.703851925963,-0.010655996299380056
1262,107.82891445722862,0.03631549644008118
1263,107.95397698849425,-0.009011429784546552
1264,108.0790395197599,-0.0009288964632704534
1265,108.20410205102553,-0.034994608694889066
1266,108.32916458229116,-0.043796295437683236
1267,108.45422711355678,0.03543680114162723
1268,108.57928964482241,0.04949509193386617
1269,108.70435217608807,0.048108539901425135
1270,108.82941470735369,-0.05556396201304782
1271,108.95447723861932,-0.07786281286194761
1272,109.07953976988495,0.021113643243542368
1273,109.2046023011506,0.0314778008789492
1274,109.32966483241623,-0.04987556352536748
1275,109.45472736368185,-0.0029306188253615303
1276,109.57978989494748,0.029210108871320313
1277,109.70485242621311,-0.13505455944504577
1278,109.82991495747876,-0.010171820363354128
1279,109.95497748874439,-0.05616497499484933
1280,110.08004002001002,0.038479237039853835
1281,110.20510255127564,0.03551055300607935
1282,110.33016508254127,-0.10257911540194281
1283,110.45522761380693,0.0038167395900047664
1284,110.58029014507255,0.02781205777263132
1285,110.70535267633818,-0.07468474001345082
1286,110.8304152076038,-0.0059773530932080475
1287,110.95547773886943,-0.026832193584792982
1288,111.08054027013509,0.04001567947168147
1289,111.20560280140072,-0.010240380764938425
1290,111.33066533266634,-0.02176745853409166
1291,111.45572786393197,0.0015031490438710124
1292,111.58079039519762,-0.06633442425670058
1293,111.70585292646325,-0.056065227649078765
1294,111.83091545772888,0.03341829206954846
1295,111.9559779889945,0.024176448955629384
1296,112.08104052026013,-0.008164779092612384
1297,112.20610305152579,-0.07605966498258887
1298,112.33116558279141,-0.1433164812457167
1299,112.45622811405704,0.006344728775645523
1300,112.58129064532267,-0.03168735547553887
1301,112.7063531765883,-0.011226366265843795
1302,112.83141570785395,0.07026005884462176
1303,112.95647823911958,-0.05156143585686018
1304,113.0815407703852,-0.029755640799721053
1305,113.20660330165083,0.05794880984006154
1306,113.33166583291646,0.0021582326018600505
1307,113.45672836418211,-0.06213603336043504
1308,113.58179089544774,-0.006912535995097806
1309,113.70685342671337,-0.025239378623705684
1310,113.83191595797899,-0.036946273359004196
1311,113.95697848924465,0.04487325225258579
1312,114.08204102051027,-0.05649223825808907
1313,114.2071035517759,0.03452340871700661
1314,114.33216608304153,-0.02184439144885423
1315,114.45722861430716,-0.020435197420550374
1316,114.58229114557281,-0.010910247487233656
1317,114.70735367683844,0.004708858708812321
1318,114.83241620810406,-0.049425780729413275
1319,114.95747873936969,-0.0030831337497956323
1320,115.08254127063532,0.03885519395500415
1321,115.20760380190097,-0.023071520970464943
1322,115.3326663331666,-0.03563763342448552
1323,115.45772886443223,-0.024443511458220286
1324,115.58279139569785,0.09171915488447155
1325,115.70785392696348,-0.0714607936411039
1326,115.83291645822914,-0.08050422321381479
1327,115.95797898949476,-0.012162437474679808
1328,116.08304152076039,0.019720598197350184
1329,116.20810405202602,-0.0016026564697241463
1330,116.33316658329167,0.10388153839575703
1331,116.4582291145573,-0.07271446729028595
1332,116.58329164582292,-0.03020926962269374
1333,116.70835417708855,-0.06914014994461802
1334,116.83341670835418,-0.060235214648024255
1335,116.95847923961983,-0.03336926162411845
1336,117.08354177088546,-0.011490658651547511
1337,117.20860430215109,0.006055143031428099
1338,117.33366683341671,-0.05380752192926711
1339,117.45872936468234,0.011776242324040839
1340,117.583791895948,-0.027429250178574657
1341,117.70885442721362,-0.0008823637863483319
1342,117.83391695847925,0.03068169425847432
1343,117.95897948974488,0.0015630334558212962
1344,118.08404202101053,0.028041691415017153
1345,118.20910455227616,0.049160576288332675
1346,118.33416708354179,0.06932244895549271
1347,118.45922961480741,0.02067613591261807
1348,118.58429214607304,-0.01744240410705349
1349,118.7093546773387,-0.006765531533698067
1350,118.83441720860432,-0.02579083043780647
1351,118.95947973986995,0.08326918583599689
1352,119.08454227113558,0.028625772338952166
1353,119.2096048024012,-0.002743702760494686
1354,119.33466733366686,-0.10536475454071251
1355,119.45972986493248,-0.06327343826437455
1356,119.58479239619811,0.020511083336726275
1357,119.70985492746374,-0.00451238143415538
1358,119.83491745872936,0.04778167366810451
1359,119.95997998999502,-0.04212624687127453
1360,120.08504252126065,-0.08749838206508023
1361,120.21010505252627,-0.030130610377590017
1362,120.3351675837919,-0.03455566061727252
1363,120.46023011505756,-0.06016082681937133
1364,120.58529264632318,0.0029592126552548865
1365,120.71035517758881,0.040278966220624435
1366,120.83541770885444,0.06125930464564564
1367,120.96048024012006,-0.07771331448812456
1368,121.08554277138572,0.03765865090014265
1369,121.21060530265135,-0.059753502563897345
1370,121.33566783391697,0.01737955802214245
1371,121.4607303651826,0.032071476598882695
1372,121.58579289644823,-0.002833945593739595
1373,121.71085542771388,0.0668606240410075
1374,121.83591795897951,-0.02840383858834193
1375,121.96098049024513,-0.05415612468188215
1376,122.08604302151076,-0.07098242458261043
1377,122.21110555277639,0.03700644363833865
1378,122.33616808404204,0.014404811237950541
1379,122.46123061530767,0.03565528031931098
1380,122.5862931465733,-0.07848010148126469
1381,122.71135567783892,-0.05887970299337574
1382,122.83641820910458,-0.05419107685625995
1383,122.9614807403702,0.004102870769627394
1384,123.08654327163583,-0.051427838479123994
1385,123.21160580290146,0.004215201797258874
1386,123.33666833416709,0.06553359762355489
1387,123.46173086543274,0.045127704407765576
1388,123.58679339669837,0.05198785914114658
1389,123.711855927964,0.06606457018059533
1390,123.83691845922962,0.0036810686622630695
1391,123.96198099049525,0.013128972046964262
1392,124.0870435217609,-0.037660001880740396
1393,124.21210605302653,0.0038910591003231037
1394,124.33716858429216,0.018137382432306507
1395,124.46223111555778,0.09028586589979508
1396,124.58729364682341,-0.03988338660099209
1397,124.71235617808907,-0.006774120209531171
1398,124.8374187093547,0.12001308692732185
1399,124.96248124062032,0.07314838126310146
1400,125.08754377188595,-0.03268995822993372
1401,125.2126063031516,0.021053626518423626
1402,125.33766883441723,-0.03416782331370203
1403,125.46273136568286,-0.09300478384594066
1404,125.58779389694848,0.0009377433084368762
1405,125.71285642821411,-0.04046257100316665
1406,125.83791895947977,-0.1477625767596207
1407,125.96298149074539,-0.02692897801048226
1408,126.08804402201102,-0.047826972219607314
1409,126.21310655327665,0.005767677137594448
1410,126.33816908454227,0.0024472585828093293
1411,126.46323161580793,-0.0262924094079749
1412,126.58829414707355,0.012476926388223397
1413,126.71335667833918,-0.01605635631162153
1414,126.83841920960481,-0.08102135072967914
1415,126.96348174087044,-0.023131557162358474
1416,127.08854427213609,-0.05129599134609034
1417,127.21360680340172,-0.0024607282554214432
1418,127.33866933466734,-0.048839776168191434
1419,127.46373186593297,0.07761813606254606
1420,127.58879439719863,-0.002270885000041033
1421,127.71385692846425,-0.07306695047232013
1422,127.83891945972988,0.004299659697032479
1423,127.9639819909955,-0.07566821308392738
1424,128.08904452226113,0.03222902951265362
1425,128.2141070535268,0.008788574881895422
1426,128.33916958479242,0.08520456737724398
1427,128.46423211605804,-0.023034795276572907
1428,128.58929464732367,0.005491268189853634
1429,128.7143571785893,-0.05621547891458059
1430,128.83941970985495,-0.006399457078336188
1431,128.96448224112058,-0.006779768714836006
1432,129.0895447723862,0.046754853652407516
1433,129.21460730365183,-0.008147060313886725
1434,129.33966983491746,0.037509951492962955
1435,129.4647323661831,0.015489917264928663
1436,129.58979489744874,0.05199723208104309
1437,129.71485742871437,-0.09055328854554556
1438,129.83991995998,-0.014510966006337165
1439,129.96498249124565,-0.09006694321103864
1440,130.09004502251128,0.03332547148797905
1441,130.2151075537769,-0.0050985872792769955
1442,130.34017008504253,-0.15889417725859667
1443,130.46523261630816,0.027878719227553767
1444,130.5902951475738,0.06674950808585327
1445,130.71535767883944,-0.03927392209548611
1446,130.84042021010507,0.0653763024311798
1447,130.9654827413707,-0.043876489857020855
1448,131.09054527263632,0.09287077696498726
1449,131.21560780390197,0.04103363637327011
1450,131.3406703351676,0.07467571359988394
1451,131.46573286643323,0.019702774902730535
1452,131.59079539769886,0.07827919001396683
1453,131.71585792896448,0.057876006358910284
1454,131.84092046023014,0.04689833883834825
1455,131.96598299149576,-0.06512893395326119
1456,132.0910455227614,0.01399648682229194
1457,132.21610805402702,0.08207141745301638
1458,132.34117058529267,-0.03976040043486876
1459,132.4662331165583,0.011399426152740196
1460,132.59129564782393,0.07313530027289543
1461,132.71635817908955,0.07092104620253256
1462,132.84142071035518,0.01772652955939159
1463,132.96648324162084,0.024834109600972577
1464,133.09154577288646,-0.009340207461627899
1465,133.2166083041521,-0.029231250657626984
1466,133.34167083541772,0.03199538350756716
1467,133.46673336668334,0.08310890456209061
1468,133.591795897949,0.1017115443188475
1469,133.71685842921462,0.018180019287774712
1470,133.84192096048025,0.06917561897838688
1471,133.96698349174588,-0.07257530446907033
1472,134.0920460230115,0.01682653190142729
1473,134.21710855427716,-0.04073051352695293
1474,134.3421710855428,0.07193160685700632
1475,134.46723361680841,-0.09997069623848606
1476,134.59229614807404,0.0496629404706742
1477,134.7173586793397,-0.07737316164138397
1478,134.84242121060532,0.03595897750798659
1479,134.96748374187095,-0.1330899114718434
1480,135.09254627313658,-0.04379047867437211
1481,135.2176088044022,-0.0039737137992969926
1482,135.34267133566786,-0.10903651756398745
1483,135.4677338669335,-0.10297154097097334
1484,135.5927963981991,-0.012512566679890473
1485,135.71785892946474,0.030641529745352492
1486,135.84292146073037,-0.07463192515180976
1487,135.96798399199602,-0.06842829253755912
1488,136.09304652326165,0.0508789565290198
1489,136.21810905452728,-0.09993539511237091
1490,136.3431715857929,0.04211295502820666
1491,136.46823411705856,-0.0824232742674954
1492,136.59329664832418,-0.056276187103395485
1493,136.7183591795898,0.0016715129476699373
1494,136.84342171085544,-0.014134069174722555
1495,136.96848424212106,0.009012220858650201
1496,137.09354677338672,-0.027022913926201254
1497,137.21860930465235,0.01027728889807514
1498,137.34367183591797,0.004602693371355763
1499,137.4687343671836,0.04175041909893739
1500,137.59379689844923,0.05869683328122615
1501,137.71885942971488,-0.057269023669679835
1502,137.8439219609805,-0.020452395787762048
1503,137.96898449224614,-0.0028807133332542385
1504,138.09404702351176,0.02098856555773961
1505,138.2191095547774,-0.03967231402356196
1506,138.34417208604305,0.01862930859102315
1507,138.46923461730867,-0.04071353597323049
1508,138.5942971485743,-0.045814602318267235
1509,138.71935967983993,-0.017355511013581657
1510,138.84442221110558,-0.06879267923094748
1511,138.9694847423712,-0.00673822941461026
1512,139.09454727363683,0.0923883387443576
1513,139.21960980490246,0.07475581720459427
1514,139.3446723361681,-0.05722382600648919
1515,139.46973486743374,0.03357302428678631
1516,139.59479739869937,0.01341657750286367
1517,139.719859929965,-0.12578467447062572
1518,139.84492246123062,7.55479443637e-05
1519,139.96998499249625,-4.6676195111369876e-05
1520,140.0950475237619,-0.01937216010423093
1521,140.22011005502753,0.03929262667732965
1522,140.34517258629316,-0.07783202179295996
1523,140.4702351175588,-0.02225684701661068
1524,140.5952976488244,-0.002579703538638437
1525,140.72036018009007,0.007674666861254811
1526,140.8454227113557,0.02117926148110073
1527,140.97048524262132,0.023514865788364207
1528,141.09554777388695,0.04720676517543779
1529,141.2206103051526,0.01531610040765217
1530,141.34567283641823,-0.07749395551575555
1531,141.47073536768386,-0.031201721392770134
1532,141.59579789894948,0.0015429086702602804
1533,141.7208604302151,0.012971342532535774
1534,141.84592296148077,0.06528859173833093
1535,141.9709854927464,-0.08618353576079857
1536,142.09604802401202,0.0028550529128675305
1537,142.22111055527765,0.004260824764159456
1538,142.34617308654327,-0.07198671674739812
1539,142.47123561780893,-0.08598332567959943
1540,142.59629814907456,-0.024949361133116958
1541,142.72136068034018,-0.07686876879200451
1542,142.8464232116058,-0.04647726321938311
1543,142.97148574287144,0.08219995835794763
1544,143.0965482741371,-0.004285936530171521
1545,143.22161080540272,0.028330955374117197
1546,143.34667333666835,-0.04546534071466462
1547,143.47173586793397,-0.06471436512262742
1548,143.59679839919963,0.06565615429417164
1549,143.72186093046525,-0.0077955345912733886
1550,143.84692346173088,-0.035225325615996506
1551,143.9719859929965,0.020467537590715526
1552,144.09704852426214,0.002763559930104737
1553,144.2221110555278,0.023694387484257392
1554,144.34717358679342,-0.03533284398795351
1555,144.47223611805904,0.10355609852865687
1556,144.59729864932467,0.012073376020992063
1557,144.7223611805903,0.012198422423398636
1558,144.84742371185595,0.016644551109282184
1559,144.97248624312158,0.06979577590565711
1560,145.0975487743872,0.11530473598560396
1561,145.22261130565283,-0.04050484293428337
1562,145.34767383691846,0.014824949580732154
1563,145.47273636818412,0.09624152244547339
1564,145.59779889944974,0.05141951449150392
1565,145.72286143071537,0.07783083728788566
1566,145.847923961981,0.02692449135153066
1567,145.97298649324665,-0.017354973294475835
1568,146.09804902451228,0.02973312631077469
1569,146.2231115557779,-0.036591083076632315
1570,146.34817408704353,0.056246263744992
1571,146.47323661830916,0.1148253185434992
1572,146.5982991495748,0.006509744956755658
1573,146.72336168084044,-0.04224823721853069
1574,146.84842421210607,-0.02915582409192636
1575,146.9734867433717,0.03915672598508727
1576,147.09854927463732,0.03428696658460511
1577,147.22361180590298,-0.10868274077839829
1578,147.3486743371686,0.03328879220796563
1579,147.47373686843423,-0.00019921270839388185
1580,147.59879939969986,0.10453452460562784
1581,147.72386193096548,-0.004240052232687945
1582,147.84892446223114,-0.036042057681417265
1583,147.97398699349677,-0.06860890892221325
1584,148.0990495247624,0.02109053968852566
1585,148.22411205602802,-0.10236011979087128
1586,148.34917458729367,-0.00337489633423097
1587,148.4742371185593,-0.05216216351939601
1588,148.59929964982493,-0.011619255141868446
1589,148.72436218109056,-0.08130772639219143
1590,148.84942471235618,-0.021059860418572492
1591,148.97448724362184,0.013713747494123055
1592,149.09954977488746,0.04931242344193943
1593,149.2246123061531,0.04668433135195797
1594,149.34967483741872,0.016493791732617533
1595,149.47473736868434,0.09916893290891902
1596,149.59979989995,-0.015709218077700166
1597,149.72486243121563,-0.1184883355834099
1598,149.84992496248125,-0.013826541871271861
1599,149.97498749374688,-0.06493599135617945
1600,150.10005002501254,0.027692660841052853
1601,150.22511255627816,0.04106076773791358
1602,150.3501750875438,0.06216352484822403
1603,150.47523761880942,-0.06109289751833905
1604,150.60030015007504,-0.0718623932839607
1605,150.7253626813407,-0.001265108030011735
1606,150.85042521260632,-0.0018646392554825528
1607,150.97548774387195,0.0007070197961601139
1608,151.10055027513758,0.047661371897425836
1609,151.2256128064032,-0.07545479915114654
1610,151.35067533766886,-0.03718730405610165
1611,151.4757378689345,0.05092547713664147
1612,151.60080040020011,0.05830990033970005
1613,151.72586293146574,0.05920690462473173
1614,151.85092546273137,0.060399347166088704
1615,151.97598799399702,0.03806295303104505
1616,152.10105052526265,-0.06987937735840909
1617,152.22611305652828,0.030372275430941592
1618,152.3511755877939,-0.03856065327565641
1619,152.47623811905956,-0.11190129505242402
1620,152.6013006503252,-0.017518829116010718
1621,152.7263631815908,0.058495746160552226
1622,152.85142571285644,-0.007333291269136778
1623,152.97648824412207,0.12023282074250408
1624,153.10155077538772,-0.025548617945010055
1625,153.22661330665335,-0.02915140595306158
1626,153.35167583791898,0.0610663535183711
1627,153.4767383691846,-0.021368419338597164
1628,153.60180090045023,-0.01881288995965648
1629,153.72686343171588,0.07113998817068644
1630,153.8519259629815,0.06113260651156615
1631,153.97698849424714,-0.05324894602635349
1632,154.10205102551276,0.017336423269886707
1633,154.2271135567784,-0.049673154378008816
1634,154.35217608804405,0.023525407244295703
1635,154.47723861930967,-0.03888649005864351
1636,154.6023011505753,-0.04540427004181683
1637,154.72736368184093,0.022615296340784734
1638,154.85242621310658,0.006174198876354595
1639,154.9774887443722,-0.0015720714544342068
1640,155.10255127563784,0.049809445754479556
1641,155.22761380690346,0.00484155418955034
1642,155.3526763381691,0.03177275873485279
1643,155.47773886943475,0.024877441995966535
1644,155.60280140070037,0.0445285738334579
1645,155.727863931966,-0.008286161347381278
1646,155.85292646323163,-0.01676831673258051
1647,155.97798899449725,-0.0228365581427581
1648,156.1030515257629,-0.08081308180578745
1649,156.22811405702853,0.14202022163157035
1650,156.35317658829416,0.009319572854950088
1651,156.4782391195598,0.03921723486835303
1652,156.60330165082541,-0.037332885965451416
1653,156.72836418209107,-0.0494690439328499
1654,156.8534267133567,0.01934924901937811
1655,156.97848924462232,-0.04495174002081902
1656,157.10355177588795,0.03809995819567466
1657,157.2286143071536,-0.06715930665920021
1658,157.35367683841923,0.0013303492037194933
1659,157.47873936968486,0.0017365443469289862
1660,157.6038019009505,-0.023601747431391172
1661,157.7288644322161,-0.027789899183326246
1662,157.85392696348177,-0.008776951325038099
1663,157.9789894947474,0.042284538583362216
1664,158.10405202601302,0.04226417327118765
1665,158.22911455727865,0.04256788475090861
1666,158.35417708854428,-0.06232777083023753
1667,158.47923961980993,0.0008462355788761372
1668,158.60430215107556,-0.0477152183124578
1669,158.72936468234118,0.05230277251070773
1670,158.8544272136068,0.061660153801080336
1671,158.97948974487244,0.0034744002545488402
1672,159.1045522761381,0.002073029418598955
1673,159.22961480740372,-0.013612700356567193
1674,159.35467733866935,0.014386941903202392
1675,159.47973986993497,0.0367456922891552
1676,159.60480240120063,0.013695831644134916
1677,159.72986493246626,0.0414490641405644
1678,159.85492746373188,-0.09172936027514471
1679,159.9799899949975,0.09642060354111161
1680,160.10505252626314,0.044959858626251174
1681,160.2301150575288,-0.025522188574300605
1682,160.35517758879442,0.03602681194663617
1683,160.48024012006005,0.019903336206686262
1684,160.60530265132567,0.011473158885671382
1685,160.7303651825913,0.06039904786553607
1686,160.85542771385695,0.023462992996292016
1687,160.98049024512258,0.03037280157121194
1688,161.1055527763882,0.028473028990845913
1689,161.23061530765384,-0.02086526931312336
1690,161.35567783891946,0.053930304524653055
1691,161.48074037018512,-0.0196552761814901
1692,161.60580290145074,0.05483611512849445
1693,161.73086543271637,0.021142249582766157
1694,161.855927963982,-0.013174597700320931
1695,161.98099049524765,-0.027024421746728408
1696,162.10605302651328,0.021465938777683508
1697,162.2311155577789,-0.012732488093519935
1698,162.35617808904453,0.0217797435790828
1699,162.48124062031016,0.048313129512143824
1700,162.60630315157582,0.0546144566035505
1701,162.73136568284144,-0.03794669161776912
1702,162.85642821410707,0.06712110832031064
1703,162.9814907453727,0.02179603341690877
1704,163.10655327663832,0.00208562310947681
1705,163.23161580790398,0.01284387841071613
1706,163.3566783391696,-0.05470545914090175
1707,163.48174087043523,0.04868905651109111
1708,163.60680340170086,0.05586430065459058
1709,163.73186593296649,-0.089914763073263
1710,163.85692846423214,-0.0337815888283278
1711,163.98199099549777,-0.01381575248297059
1712,164.1070535267634,0.03369024603691844
1713,164.23211605802902,-0.006742023747628389
1714,164.35717858929468,0.042331589054558
1715,164.4822411205603,0.02764267302394237
1716,164.60730365182593,0.07856699268021883
1717,164.73236618309156,-0.040049921588246745
1718,164.85742871435718,-0.06758292934090919
1719,164.98249124562284,0.03662091344140155
1720,165.10755377688847,-0.0628874776856012
1721,165.2326163081541,-0.0035882503378613408
1722,165.35767883941972,0.03088376958705648
1723,165.48274137068535,-0.005294173259763356
1724,165.607803901951,0.010562210410418237
1725,165.73286643321663,-0.016930075412334468
1726,165.85792896448226,-0.06902661071289211
1727,165.98299149574788,-0.040515938154291976
1728,166.1080540270135,-0.050874130345939385
1729,166.23311655827916,0.04096655982397336
1730,166.3581790895448,-0.011255544220224395
1731,166.48324162081042,0.07626676025529305
1732,166.60830415207604,-0.026392888762055845
1733,166.7333666833417,0.0065724423548541785
1734,166.85842921460733,-0.032714315669782335
1735,166.98349174587295,-0.15505165655103548
1736,167.10855427713858,-0.15011548055087087
1737,167.2336168084042,-0.011919474326113734
1738,167.35867933966986,-0.05573380858931879
1739,167.4837418709355,0.011167305584186485
1740,167.60880440220112,0.04994796840897208
1741,167.73386693346674,-0.009327309407443632
1742,167.85892946473237,0.018797035440253324
1743,167.98399199599803,-0.02042126735177438
1744,168.10905452726365,-0.00920202364860496
1745,168.23411705852928,0.0018088728152320062
1746,168.3591795897949,0.005431278017898753
1747,168.48424212106056,-0.03612394557158466
1748,168.6093046523262,-0.03228702884127679
1749,168.73436718359181,0.005367487931168542
1750,168.85942971485744,0.022326915108379763
1751,168.98449224612307,0.04604877155932531
1752,169.10955477738872,0.030932746262900573
1753,169.23461730865435,0.015677233490891136
1754,169.35967983991998,-0.07445972512478005
1755,169.4847423711856,-0.001709842041121975
1756,169.60980490245123,-0.006841586337355831
1757,169.7348674337169,0.10395686550177832
1758,169.8599299649825,0.005629942290387439
1759,169.98499249624814,0.07286162851653913
1760,170.11005502751377,0.02484139967165587
1761,170.2351175587794,0.08258166084607639
1762,170.36018009004505,-0.0353917833377771
1763,170.48524262131068,0.02959682688452256
1764,170.6103051525763,0.040686744672608494
1765,170.73536768384193,0.050206199624008845
1766,170.86043021510758,0.0032703183287043046
1767,170.9854927463732,-0.01667939149459658
1768,171.11055527763884,-0.011591905081359023
1769,171.23561780890446,-0.053312537499207426
1770,171.3606803401701,0.03039575336222516
1771,171.48574287143575,0.03602356519229099
1772,171.61080540270137,0.03943215221769509
1773,171.735867933967,0.06287651415140558
1774,171.86093046523263,0.08823521553387711
1775,171.98599299649825,0.056883153669918245
1776,172.1110555277639,-0.09648264090257688
1777,172.23611805902954,-0.02492686416745563
1778,172.36118059029516,-0.12667760975681788
1779,172.4862431215608,0.07523534986155919
1780,172.61130565282642,0.09942052026787107
1781,172.73636818409207,0.0018437913093187234
1782,172.8614307153577,-0.004907852099389548
1783,172.98649324662333,-0.06677347120240323
1784,173.11155577788895,0.01741175749759708
1785,173.2366183091546,0.04726269150583398
1786,173.36168084042023,0.03267695754663169
1787,173.48674337168586,-0.042430670802371055
1788,173.6118059029515,-0.010272988101330129
1789,173.73686843421712,0.06163489306104001
1790,173.86193096548277,-0.06814401142656028
1791,173.9869934967484,-0.060747320554189646
1792,174.11205602801402,0.18587507779898177
1793,174.23711855927965,0.010378162069136668
1794,174.36218109054528,-0.00316913906400845
1795,174.48724362181093,-0.014475596505040048
1796,174.61230615307656,0.017202098426417994
1797,174.7373686843422,-0.003233595017315634
1798,174.8624312156078,-0.07630644781641333
1799,174.98749374687344,0.0383969696551604
1800,175.1125562781391,-0.008941985083916668
1801,175.23761880940472,-0.008350440640019384
1802,175.36268134067035,0.038975790330389025
1803,175.48774387193598,-0.0011791886120917875
1804,175.61280640320163,-0.006444388420151767
1805,175.73786893446726,0.02545357253255373
1806,175.86293146573288,0.010956585707294882
1807,175.9879939969985,0.04413354246579998
1808,176.11305652826414,0.017214744028504383
1809,176.2381190595298,-0.06064219326556868
1810,176.36318159079542,0.03934361341763879
1811,176.48824412206105,-0.030839673048154916
1812,176.61330665332667,-0.056477179899111045
1813,176.7383691845923,0.01345316290760689
1814,176.86343171585796,0.005183631795709861
1815,176.98849424712358,0.025142406222166232
1816,177.1135567783892,-0.04643112889216752
1817,177.23861930965484,0.04372796408173931
1818,177.36368184092046,-0.036499567697177514
1819,177.48874437218612,0.030488586237529192
1820,177.61380690345175,-0.009638017374224185
1821,177.73886943471737,-0.0013634145424182894
1822,177.863931965983,-0.06031603463040052
1823,177.98899449724865,0.061525063166839644
1824,178.11405702851428,-0.1565031716748826
1825,178.2391195597799,0.05708582503253175
1826,178.36418209104554,0.015308336289701064
1827,178.48924462231116,0.08587048149884563
1828,178.61430715357682,0.07742513609399042
1829,178.73936968484244,-0.053397202089227505
1830,178.86443221610807,0.030712245148559438
1831,178.9894947473737,-0.09157993899450706
1832,179.11455727863932,-0.11400658024417798
1833,179.23961980990498,0.031159108643727475
1834,179.3646823411706,-0.012147954461631584
1835,179.48974487243623,-0.13418992870656027
1836,179.61480740370186,-0.041161319152512546
1837,179.7398699349675,0.10668583184503014
1838,179.86493246623314,0.03468526175214876
1839,179.98999499749877,-0.09792086326905097
1840,180.1150575287644,0.0043112136363008
1841,180.24012006003002,-0.0290142640268854
1842,180.36518259129568,0.018733453767574362
1843,180.4902451225613,0.037598809120255525
1844,180.61530765382693,-0.08775740818419402
1845,180.74037018509256,-0.017186206855434497
1846,180.86543271635819,-0.01380032165331541
1847,180.99049524762384,-0.009689019265318032
1848,181.11555777888947,0.027397132556115863
1849,181.2406203101551,0.011815594435651026
1850,181.36568284142072,0.03381982159867447
1851,181.49074537268635,0.08805815843964132
1852,181.615807903952,0.03418316112524577
1853,181.74087043521763,0.030097494456984987
1854,181.86593296648326,0.061823500006106306
1855,181.99099549774888,-0.1238082471791353
1856,182.11605802901454,-0.06354655424170962
1857,182.24112056028017,0.052858265476440014
1858,182.3661830915458,0.027341786537682895
1859,182.49124562281142,0.017181341136797108
1860,182.61630815407705,-0.029926185551213402
1861,182.7413706853427,0.015848856583507327
1862,182.86643321660833,0.00746263342898612
1863,182.99149574787396,0.043007378364606864
1864,183.11655827913958,-0.009149607708991985
1865,183.2416208104052,-0.018226463544120487
1866,183.36668334167086,-0.044151400704681217
1867,183.4917458729365,-0.019899264679381634
1868,183.61680840420212,-0.01873822426321737
1869,183.74187093546774,-0.04584732306169609
1870,183.86693346673337,-0.05451817579480284
1871,183.99199599799903,-0.02032888687379702
1872,184.11705852926465,-0.07054651101207564
1873,184.24212106053028,0.024243113208417155
1874,184.3671835917959,-0.030676769655423528
1875,184.49224612306156,0.07141435365676511
1876,184.6173086543272,0.10806261538039504
1877,184.74237118559282,-0.014001185154125849
1878,184.86743371685844,0.015665676597773126
1879,184.99249624812407,0.07512666481393554
1880,185.11755877938973,-0.03907503918543856
1881,185.24262131065535,-0.06185068823183837
1882,185.36768384192098,0.007046025512300594
1883,185.4927463731866,-0.08039861304301937
1884,185.61780890445223,-0.07186627512436415
1885,185.7428714357179,-0.030754732303260347
1886,185.86793396698351,-0.015537184054644394
1887,185.99299649824914,-0.026206222431098637
1888,186.11805902951477,0.022527394077487703
1889,186.2431215607804,-0.02853337463267477
1890,186.36818409204605,-0.0014736148380391696
1891,186.49324662331168,-0.03742577225397413
1892,186.6183091545773,0.001864908475387488
1893,186.74337168584293,0.0007451132087367169
1894,186.8684342171086,-0.011540199037785808
1895,186.9934967483742,0.014669394587814267
1896,187.11855927963984,0.007623561711264904
1897,187.24362181090547,0.03971977544064618
1898,187.3686843421711,-0.05967719838430894
1899,187.49374687343675,-0.08567462794355477
1900,187.61880940470238,0.06748486787658135
1901,187.743871935968,0.014169013724509641
1902,187.86893446723363,-0.1095698073719556
1903,187.99399699849926,0.04089311976847394
1904,188.1190595297649,-0.025070924569662922
1905,188.24412206103054,0.03518099582736049
1906,188.36918459229616,0.04737353411036665
1907,188.4942471235618,0.046978995800162494
1908,188.61930965482742,0.03190143793893002
1909,188.74437218609307,-0.01378309440610908
1910,188.8694347173587,0.08806113638740776
1911,188.99449724862433,-0.012619326550638535
1912,189.11955977988995,-0.10312909411715283
1913,189.2446223111556,-0.08517187058336895
1914,189.36968484242124,0.004456309343830729
1915,189.49474737368686,-0.002365356033431786
1916,189.6198099049525,0.004067846868287959
1917,189.74487243621812,0.08834403472863231
1918,189.86993496748377,0.02705964870166029
1919,189.9949974987494,0.05731646259445568
1920,190.12006003001503,-0.012090294062242756
1921,190.24512256128065,-0.0928875844685416
1922,190.37018509254628,-0.006321076337923244
1923,190.49524762381193,-0.03819404452080008
1924,190.62031015507756,0.056166762029346534
1925,190.7453726863432,0.025269065133939235
1926,190.87043521760882,-0.025743236780071118
1927,190.99549774887444,-0.09156448892258325
1928,191.1205602801401,-0.04404341859089239
1929,191.24562281140572,0.0358241824561901
1930,191.37068534267135,0.0014789814675279292
1931,191.49574787393698,0.07729032891470064
1932,191.62081040520263,-0.007417050093425175
1933,191.74587293646826,0.035417825487994985
1934,191.8709354677339,-0.009648312287141398
1935,191.9959979989995,-0.04768993268582982
1936,192.12106053026514,0.061472687224297974
1937,192.2461230615308,-0.03689979046409217
1938,192.37118559279642,0.0043180449131031305
1939,192.49624812406205,0.0010760839665634855
1940,192.62131065532768,-0.06023667644759328
1941,192.7463731865933,-0.0571192961283178
1942,192.87143571785896,-0.055438443457256154
1943,192.99649824912458,-0.09080275475123864
1944,193.1215607803902,0.03644040644709689
1945,193.24662331165584,-0.01952875422600642
1946,193.37168584292147,0.038021619684199544
1947,193.49674837418712,-0.07462198184921787
1948,193.62181090545275,0.056254706004741195
1949,193.74687343671837,0.04177506608544755
1950,193.871935967984,0.0928490603600961
1951,193.99699849924966,-0.03787647156145209
1952,194.12206103051528,-0.038939806424505424
1953,194.2471235617809,0.06730827282466738
1954,194.37218609304654,0.09284969147576139
1955,194.49724862431216,-0.08559549119800981
1956,194.62231115557782,-0.10473719983912935
1957,194.74737368684345,-0.049544619206707705
1958,194.87243621810907,0.03353941884432995
1959,194.9974987493747,-0.017559732434567207
1960,195.12256128064033,0.015977048992513572
1961,195.24762381190598,0.0043428344800245594
1962,195.3726863431716,0.05230212845009594
1963,195.49774887443724,0.0760792554674993
1964,195.62281140570286,-0.037029493081448143
1965,195.7478739369685,0.11532032173485851
1966,195.87293646823414,0.11730093916421776
1967,195.99799899949977,0.06809892218456245
1968,196.1230615307654,-0.0005399911235323866
1969,196.24812406203102,0.023948829413286382
1970,196.37318659329668,-0.018790533784308845
1971,196.4982491245623,0.00881583649722929
1972,196.62331165582793,-0.01331894496766534
1973,196.74837418709356,0.12168135520958248
1974,196.8734367183592,0.10112886448250483
1975,196.99849924962484,0.05574701499177669
1976,197.12356178089047,0.05634070615967349
1977,197.2486243121561,-0.03812980940413151
1978,197.37368684342172,0.07847359581956721
1979,197.49874937468735,-0.0006513837251025891
1980,197.623811905953,0.04806081479479658
1981,197.74887443721863,0.03363192679197958
1982,197.87393696848426,-0.02533818488331456
1983,197.99899949974989,0.06529525053066185
1984,198.1240620310155,-0.044661428534263636
1985,198.24912456228117,-0.04213841985298053
1986,198.3741870935468,-0.011852798504760368
1987,198.49924962481242,0.12385778105713277
1988,198.62431215607805,0.0017937722855719783
1989,198.7493746873437,0.013595020626745436
1990,198.87443721860933,0.04846958563335481
1991,198.99949974987496,0.10812387631426344
1992,199.12456228114058,-0.0012356548440343503
1993,199.2496248124062,0.011463530444524903
1994,199.37468734367187,0.049853238343872355
1995,199.4997498749375,0.0201009001263577
1996,199.62481240620312,-0.02628897880394734
1997,199.74987493746875,0.008272404928910395
1998,199.87493746873437,0.02450236648989432
1999,200.0,-0.0494869631902366
